{
  "GameObjects": [
    {
      "PhysicsComponent": {
        "angularFactor": [
          1.0,
          1.0,
          1.0
        ],
        "boxSize": [
          0.0,
          0.0,
          0.0
        ],
        "capsuleHeight": 0.0,
        "capsuleRadius": 0.0,
        "localScale": [
          1.0,
          1.0,
          1.0
        ],
        "mass": 0.0,
        "originalPosition": [
          0.0,
          -50.0,
          0.0
        ],
        "planeNormal": [
          0.0,
          1.0,
          0.0
        ],
        "planeSize": 0.0,
        "sphereRadius": 0.0,
        "type": 2
      },
      "id": 0,
      "name": "ground"
    },
    {
      "AnimationComponent": null,
      "PhysicsComponent": {
        "angularFactor": [
          1.0,
          1.0,
          1.0
        ],
        "boxSize": [
          0.6000000238418579,
          1.2999999523162842,
          1.5
        ],
        "capsuleHeight": 0.0,
        "capsuleRadius": 0.0,
        "localScale": [
          1.0,
          1.0,
          1.0
        ],
        "mass": 1.0,
        "originalPosition": [
          0.0,
          0.0,
          0.0
        ],
        "planeNormal": [
          0.0,
          0.0,
          0.0
        ],
        "planeSize": 0.0,
        "sphereRadius": 0.0,
        "type": 0
      },
      "PlayerComponent": null,
      "RenderableComponent": {
        "filename": "E:/Hollow/Project1/Meshes/scene2test.json"
      },
      "TransformComponent": {
        "rotation": [
          -1.0795754860737361e-05,
          3.1415927410125732,
          8.136698852467816e-07
        ],
        "scale": [
          0.029999999329447746,
          0.029999999329447746,
          0.029999999329447746
        ],
        "translation": [
          -2.0523300170898438,
          -1.0702183246612549,
          -0.39861026406288147
        ]
      },
      "id": 1,
      "name": "fox"
    },
    {
      "PhysicsComponent": {
        "angularFactor": [
          1.0,
          1.0,
          1.0
        ],
        "boxSize": [
          1.5,
          4.199999809265137,
          1.5
        ],
        "capsuleHeight": 0.0,
        "capsuleRadius": 0.0,
        "localScale": [
          1.0,
          1.0,
          1.0
        ],
        "mass": 50.0,
        "originalPosition": [
          0.0,
          0.0,
          0.0
        ],
        "planeNormal": [
          0.0,
          0.0,
          0.0
        ],
        "planeSize": 0.0,
        "sphereRadius": 0.0,
        "type": 0
      },
      "RenderableComponent": {
        "filename": "E:/Hollow/Sandbox/Sandbox/Resources/Meshes/zelda/zeldaSkel_V001_004.gltf"
      },
      "TransformComponent": {
        "rotation": [
          -1.5707975625991821,
          5.960464477539063e-08,
          1.3864326477050781
        ],
        "scale": [
          4.699999809265137,
          4.699999809265137,
          4.699999809265137
        ],
        "translation": [
          -3.3686623573303223,
          -48.54057312011719,
          -11.516387939453125
        ]
      },
      "id": 2,
      "name": "zelda"
    },
    {
      "PhysicsComponent": {
        "angularFactor": [
          1.0,
          1.0,
          1.0
        ],
        "boxSize": [
          1.0,
          1.0,
          1.0
        ],
        "capsuleHeight": 0.0,
        "capsuleRadius": 0.0,
        "localScale": [
          1.0,
          1.0,
          1.0
        ],
        "mass": 1.0,
        "originalPosition": [
          3.0,
          25.0,
          0.0
        ],
        "planeNormal": [
          0.0,
          0.0,
          0.0
        ],
        "planeSize": 0.0,
        "sphereRadius": 0.0,
        "type": 0
      },
      "RenderableComponent": {
        "filename": ""
      },
      "TransformComponent": {
        "rotation": [
          -3.141592502593994,
          -0.277904212474823,
          3.141591787338257
        ],
        "scale": [
          1.0,
          1.0,
          1.0
        ],
        "translation": [
          1.2600587606430054,
          -45.65484619140625,
          -2.885004997253418
        ]
      },
      "id": 3,
      "name": ""
    },
    {
      "id": 4,
      "name": ""
    },
    {
      "PhysicsComponent": {
        "angularFactor": [
          1.0,
          1.0,
          1.0
        ],
        "boxSize": [
          2.0,
          10.0,
          2.0
        ],
        "capsuleHeight": 0.0,
        "capsuleRadius": 0.0,
        "localScale": [
          1.0,
          1.0,
          1.0
        ],
        "mass": 0.0,
        "originalPosition": [
          39.900001525878906,
          -3.200000047683716,
          14.199999809265137
        ],
        "planeNormal": [
          0.0,
          0.0,
          0.0
        ],
        "planeSize": 0.0,
        "sphereRadius": 0.0,
        "type": 0
      },
      "RenderableComponent": {
        "filename": "E:\\Hollow\\Project1\\Meshes\\tree.gltf"
      },
      "TransformComponent": {
        "rotation": [
          0.0,
          -0.0,
          0.0
        ],
        "scale": [
          0.5,
          0.5,
          0.5
        ],
        "translation": [
          39.900001525878906,
          -3.200000047683716,
          14.199999809265137
        ]
      },
      "id": 5,
      "name": "tree"
    },
    {
      "PhysicsComponent": {
        "angularFactor": [
          1.0,
          1.0,
          1.0
        ],
        "boxSize": [
          15.0,
          15.0,
          15.0
        ],
        "capsuleHeight": 0.0,
        "capsuleRadius": 0.0,
        "localScale": [
          1.0,
          1.0,
          1.0
        ],
        "mass": 0.0,
        "originalPosition": [
          -38.20000076293945,
          -15.0,
          0.0
        ],
        "planeNormal": [
          0.0,
          0.0,
          0.0
        ],
        "planeSize": 0.0,
        "sphereRadius": 0.0,
        "type": 0
      },
      "RenderableComponent": {
        "filename": "E:\\Hollow\\Sandbox\\Sandbox\\Resources\\Meshes\\onemorebox.gltf"
      },
      "TransformComponent": {
        "rotation": [
          0.0,
          0.0,
          0.0
        ],
        "scale": [
          15.0,
          15.0,
          15.0
        ],
        "translation": [
          -38.20000076293945,
          -15.0,
          0.0
        ]
      },
      "id": 6,
      "name": "box1"
    },
    {
      "PhysicsComponent": {
        "angularFactor": [
          1.0,
          1.0,
          1.0
        ],
        "boxSize": [
          15.0,
          15.0,
          15.0
        ],
        "capsuleHeight": 0.0,
        "capsuleRadius": 0.0,
        "localScale": [
          1.0,
          1.0,
          1.0
        ],
        "mass": 0.0,
        "originalPosition": [
          38.400001525878906,
          -18.0,
          9.0
        ],
        "planeNormal": [
          0.0,
          0.0,
          0.0
        ],
        "planeSize": 0.0,
        "sphereRadius": 0.0,
        "type": 0
      },
      "RenderableComponent": {
        "filename": "E:\\Hollow\\Sandbox\\Sandbox\\Resources\\Meshes\\onemorebox.gltf"
      },
      "TransformComponent": {
        "rotation": [
          0.0,
          0.0,
          0.0
        ],
        "scale": [
          15.0,
          15.0,
          15.0
        ],
        "translation": [
          38.400001525878906,
          -18.0,
          9.0
        ]
      },
      "id": 7,
      "name": "box2"
    },
    {
      "PhysicsComponent": {
        "angularFactor": [
          1.0,
          1.0,
          1.0
        ],
        "boxSize": [
          1.0,
          1.0,
          1.0
        ],
        "capsuleHeight": 0.0,
        "capsuleRadius": 0.0,
        "localScale": [
          47.0,
          10.899999618530273,
          10.899999618530273
        ],
        "mass": 0.0,
        "originalPosition": [
          23.75,
          -10.899999618530273,
          -17.0
        ],